-- MySQL dump 10.13  Distrib 8.0.32, for Linux (x86_64)
--
-- Host: localhost    Database: db_music_trans
-- ------------------------------------------------------
-- Server version	8.0.32

/*!40101 SET @OLD_CHARACTER_SET_CLIENT=@@CHARACTER_SET_CLIENT */;
/*!40101 SET @OLD_CHARACTER_SET_RESULTS=@@CHARACTER_SET_RESULTS */;
/*!40101 SET @OLD_COLLATION_CONNECTION=@@COLLATION_CONNECTION */;
/*!50503 SET NAMES utf8mb4 */;
/*!40103 SET @OLD_TIME_ZONE=@@TIME_ZONE */;
/*!40103 SET TIME_ZONE='+00:00' */;
/*!40014 SET @OLD_UNIQUE_CHECKS=@@UNIQUE_CHECKS, UNIQUE_CHECKS=0 */;
/*!40014 SET @OLD_FOREIGN_KEY_CHECKS=@@FOREIGN_KEY_CHECKS, FOREIGN_KEY_CHECKS=0 */;
/*!40101 SET @OLD_SQL_MODE=@@SQL_MODE, SQL_MODE='NO_AUTO_VALUE_ON_ZERO' */;
/*!40111 SET @OLD_SQL_NOTES=@@SQL_NOTES, SQL_NOTES=0 */;

--
-- Table structure for table `t_customer_feedback`
--

DROP TABLE IF EXISTS `t_customer_feedback`;
/*!40101 SET @saved_cs_client     = @@character_set_client */;
/*!50503 SET character_set_client = utf8mb4 */;
CREATE TABLE `t_customer_feedback` (
  `id` int unsigned NOT NULL AUTO_INCREMENT COMMENT '用户反馈ID',
  `user_id` int unsigned NOT NULL COMMENT '反馈用户的ID',
  `type` varchar(255) NOT NULL COMMENT '反馈类型',
  `content` varchar(1024) NOT NULL COMMENT '反馈内容',
  `created` datetime DEFAULT CURRENT_TIMESTAMP COMMENT '用户反馈时间',
  `is_replied` tinyint(1) DEFAULT '0' COMMENT '反馈信息是否已回复',
  `reply` varchar(1024) DEFAULT NULL COMMENT '回复内容',
  `reply_time` datetime DEFAULT NULL COMMENT '回复时间',
  PRIMARY KEY (`id`),
  KEY `user_id` (`user_id`),
  CONSTRAINT `t_customer_feedback_ibfk_1` FOREIGN KEY (`user_id`) REFERENCES `t_user` (`id`)
) ENGINE=InnoDB AUTO_INCREMENT=17 DEFAULT CHARSET=utf8mb4 COLLATE=utf8mb4_0900_ai_ci COMMENT='用户使用反馈';
/*!40101 SET character_set_client = @saved_cs_client */;

--
-- Dumping data for table `t_customer_feedback`
--

LOCK TABLES `t_customer_feedback` WRITE;
/*!40000 ALTER TABLE `t_customer_feedback` DISABLE KEYS */;
INSERT INTO `t_customer_feedback` VALUES (1,1,'乐器种类','希望能添加更多的乐器类型，涵盖更广泛的中国古典音乐','2023-04-11 07:07:30',1,'感谢您的反馈，我们将尽量增加更多古典乐器满足您的需求','2023-04-17 23:28:03'),(2,1,'乐器种类','希望能添加更多的乐器类型，涵盖更广泛的中国古典音乐','2023-04-11 15:24:20',0,NULL,NULL),(3,2,'乐器种类','希望能添加更多的乐器类型，涵盖更广泛的中国古典音乐','2023-04-11 15:24:49',0,NULL,NULL),(4,2,'乐器种类','希望能添加更多的乐器类型，涵盖更广泛的中国古典音乐','2023-04-11 15:25:16',0,NULL,NULL),(5,4,'乐器种类','希望能添加更多的乐器类型，涵盖更广泛的中国古典音乐','2023-04-11 15:39:32',0,NULL,NULL),(6,4,'乐器种类','希望能添加更多的乐器类型，涵盖更广泛的中国古典音乐','2023-04-11 15:43:01',0,NULL,NULL),(7,4,'乐器种类','希望能添加更多的乐器类型，涵盖更广泛的中国古典音乐','2023-04-11 15:44:08',0,NULL,NULL),(8,4,'乐器种类','希望能添加更多的乐器类型，涵盖更广泛的中国古典音乐','2023-04-11 16:06:05',0,NULL,NULL),(9,4,'乐器种类','希望能添加更多的乐器类型，涵盖更广泛的中国古典音乐','2023-04-11 16:06:21',0,NULL,NULL),(10,4,'乐器种类','希望能添加更多的乐器类型，涵盖更广泛的中国古典音乐','2023-04-11 16:21:53',0,NULL,NULL),(11,4,'乐器种类','希望能添加更多的乐器类型，涵盖更广泛的中国古典音乐','2023-04-11 16:23:04',0,NULL,NULL),(12,4,'乐器种类','希望能添加更多的乐器类型，涵盖更广泛的中国古典音乐','2023-04-17 23:27:58',0,NULL,NULL),(16,19,'功能建议','Test','2023-05-29 22:38:37',0,NULL,NULL);
/*!40000 ALTER TABLE `t_customer_feedback` ENABLE KEYS */;
UNLOCK TABLES;

--
-- Table structure for table `t_instrument`
--

DROP TABLE IF EXISTS `t_instrument`;
/*!40101 SET @saved_cs_client     = @@character_set_client */;
/*!50503 SET character_set_client = utf8mb4 */;
CREATE TABLE `t_instrument` (
  `id` int unsigned NOT NULL AUTO_INCREMENT COMMENT '乐器ID',
  `name` varchar(128) NOT NULL COMMENT '乐器名',
  `name_image` varchar(255) DEFAULT NULL COMMENT '乐器名字的图片URL',
  `image` varchar(256) NOT NULL COMMENT '图片URL',
  `audio` varchar(255) DEFAULT NULL COMMENT '音乐片段url',
  `model` varchar(256) DEFAULT NULL COMMENT '乐器3维模型的访问URL',
  `description` varchar(1024) NOT NULL COMMENT '描述',
  `category` varchar(32) DEFAULT NULL COMMENT '类别',
  PRIMARY KEY (`id`) USING BTREE
) ENGINE=InnoDB AUTO_INCREMENT=18 DEFAULT CHARSET=utf8mb4 COLLATE=utf8mb4_0900_ai_ci COMMENT='乐器';
/*!40101 SET character_set_client = @saved_cs_client */;

--
-- Dumping data for table `t_instrument`
--

LOCK TABLES `t_instrument` WRITE;
/*!40000 ALTER TABLE `t_instrument` DISABLE KEYS */;
INSERT INTO `t_instrument` VALUES (8,'笛子','https://s2.loli.net/2023/05/27/TVPk79dRhIy3efE.png','https://musicstyle.oss-cn-shanghai.aliyuncs.com/files/9759f6d1f08a4d23bfe6ee99267d1007/成品效果图无背景.png','https://musicstyle.oss-cn-shanghai.aliyuncs.com/files/777bcd949c9b412e8731e2b5836ee314/百鸟朝凤片段.MP3','https://musicstyle.oss-cn-shanghai.aliyuncs.com/files/0eaa347cb0034b7990636c8d9d6a3efa/di.usdz',' 笛子是迄今为止发现的最古老的汉族乐器，也是汉族乐器中最具代表性最有民族特色的吹奏乐器。中国传统音乐中常用的横吹木管乐器之一，中国竹笛，一般分为南方的曲笛、北方的梆笛和介于两者之间的中音笛。音域一般能达到两个八度多两个。 笛子常在中国民间音乐、戏曲、中国民族乐团、西洋交响乐团和现代音乐中运用，是中国音乐的代表乐器之一。在民族乐队中，笛子是举足轻重的吹管乐器，被当做民族吹管乐的代表。','吹管乐器'),(9,'唢呐','https://s2.loli.net/2023/04/09/ZLrBwuXSPHYoi2j.png','https://s2.loli.net/2023/04/25/WMoi24JClO9P3m1.png','https://musicstyle.oss-cn-shanghai.aliyuncs.com/files/777bcd949c9b412e8731e2b5836ee314/百鸟朝凤片段.MP3','https://musicstyle.oss-cn-shanghai.aliyuncs.com/files/f6ce164b03a74b1f8978654713269f91/model.obj','唢呐，中国传统双簧木管乐器。早在公元3世纪，唢呐随丝绸之路的开辟，从东欧、西亚一带传入我国，是世界双簧管乐器家族中的一员，经过几千年的发展，使唢呐拥有其独特的气质与音色，已是我国具有代表性的民族管乐器。','吹管乐器'),(10,'箫','https://s2.loli.net/2023/05/27/qurpbEzak2WZhiA.png','https://s2.loli.net/2023/04/25/AMyZVomQ1w9GXeN.png','https://musicstyle.oss-cn-shanghai.aliyuncs.com/files/d152aa71e5dd4e4d9411917df42c143f/梅花三弄片段.MP3','https://musicstyle.oss-cn-shanghai.aliyuncs.com/files/40c7d21fdd454d98bfae9f69857e6e79/model.usdz','箫，分为洞箫和琴箫，皆为单管、竖吹，是一种非常古老的汉族吹奏乐器。音色圆润轻柔，幽静典雅，适于独奏和重奏。','吹管乐器'),(11,'编钟','https://s2.loli.net/2023/04/09/OgzEmAKV1Srfyv5.png','https://s2.loli.net/2023/04/25/AW7NQjKplySZG6x.png','https://musicstyle.oss-cn-shanghai.aliyuncs.com/files/283385e4d1494b2eb0c5722d826cb9f9/茉莉花片段.MP3','https://musicstyle.oss-cn-shanghai.aliyuncs.com/files/15c4a2b6e34d44779bf71dc48df082a6/编钟_01.obj','编钟是中国汉民族古代重要的打击乐器，是钟的一种。编钟兴起于周朝，盛于春秋战国直至秦汉。编钟由若干个大小不同的钟有次序地悬挂在木架上编成一组或几组，每个钟敲击的音高各不相同。由于年代不同，编钟的形状也不尽相同，但钟身都绘有精美的图案。','打击乐器'),(12,'大鼓','https://s2.loli.net/2023/04/09/yb4PDUYKQHk9Jvr.png','https://musicstyle.oss-cn-shanghai.aliyuncs.com/files/c89fa1c9bde941728657bd5b34391c7a/image.png','https://musicstyle.oss-cn-shanghai.aliyuncs.com/files/e8c4abd9027a4f9aa4339ca5ea69ff17/牛斗虎片段.MP3','https://musicstyle.oss-cn-shanghai.aliyuncs.com/files/8da42d7a612c42eeac5553ab65de978a/Drum.obj','鼓是我国传统的打击乐器，按《礼记·明堂位》的记载，在很早的传说中，“伊耆氏”之时就已有“土鼓”，即陶土作成的鼓。由于鼓有良好的共鸣作用，声音激越雄壮而传声很远，所以很早就被华夏祖先作为军队上助威之用。','打击乐器'),(13,'古筝','https://s2.loli.net/2023/05/27/GYUZCVEMdnDJs1t.png','https://musicstyle.oss-cn-shanghai.aliyuncs.com/files/1a83c8881f3c4ccf895c924268432aca/image.png','https://musicstyle.oss-cn-shanghai.aliyuncs.com/files/318cdfb8b79841ada3fea6adb6ab83fd/高山流水片段.MP3','https://musicstyle.oss-cn-shanghai.aliyuncs.com/files/ee2bb6c6381d4b679407076068272d32/model.obj','古筝，弹拨弦鸣乐器，又名汉筝、秦筝，是汉民族古老的民族乐器，流行于中国各地。常用于独奏、重奏、器乐合奏和歌舞、戏曲、曲艺的伴奏。','弹拨乐器'),(14,'琵琶','https://s2.loli.net/2023/04/09/A7Uix95JPjHKGYZ.png','https://s2.loli.net/2023/04/10/XdwN2UyzE94kvbQ.png','https://musicstyle.oss-cn-shanghai.aliyuncs.com/files/79868c4362d04adabdb7f39b78f91a2e/十面埋伏片段.MP3','https://musicstyle.oss-cn-shanghai.aliyuncs.com/files/5bd36aa4b9b44d7b9d65b1ac4cc410bb/model.obj','琵琶，弹拨乐器首座， 拨弦类弦鸣乐器。木制或竹等制成，音箱呈半梨形，上装四弦，原先是用丝线，现多用钢丝、钢绳、尼龙制成。颈与面板上设有以确定音位的“相”和“品”。','弹拨乐器'),(15,'中阮','https://s2.loli.net/2023/04/09/fWds7RXYSFjBxMc.png','https://s2.loli.net/2023/04/10/h1LMigGTWp6yadV.png','https://musicstyle.oss-cn-shanghai.aliyuncs.com/files/65daf30d0753497485a786c4be07c748/钟南古韵片段.MP3','https://musicstyle.oss-cn-shanghai.aliyuncs.com/files/e0eadd6c37294be885a7d06307d1a556/古代乐器_阮乐器_爱给网_aigei_com.zip','中阮是中国具有悠久历史的民族弹拨乐器，中华民族传统弹拨乐器，是古琵琶的一种，已有两千年的历史。阮是\"阮咸\"，“阮咸琵琶”的简称。阮由汉代琵琶衍变而来，其历史悠久，音响富于特色。','弹拨乐器'),(16,'二胡','https://s2.loli.net/2023/04/09/NMEfwPbu4aFqG9c.png','https://musicstyle.oss-cn-shanghai.aliyuncs.com/files/6a318bdd3f034c0bac5bb6295792fdd4/image.png','https://musicstyle.oss-cn-shanghai.aliyuncs.com/files/f6e040e23e504e9091a64199b233f889/二泉映月片段.MP3','https://musicstyle.oss-cn-shanghai.aliyuncs.com/files/6b6fa1baff094498b07eede3d518aab2/二胡_爱给网_aigei_com.rar','二胡（拼音：Erhu） 始于唐朝，称\"奚琴\"，已有一千多年的历史。是一种中国传统拉弦乐器。二胡，即二弦胡琴，又名\"南胡\"、\"嗡子\"，二胡是中华民族乐器家族中主要的弓弦乐器（擦弦乐器）之一。二胡音色近乎跟人声一样，具有歌唱性、诉说感。二胡名曲有《二泉映月》《良宵》《听松》《赛马》《葡萄熟了》等。','拉弦乐器'),(17,'京胡','https://s2.loli.net/2023/04/09/pLYsHMftEU3OkuN.png','https://musicstyle.oss-cn-shanghai.aliyuncs.com/files/d6ebd7e6361541038fea9ff83b60fcef/image.png','https://musicstyle.oss-cn-shanghai.aliyuncs.com/files/c60a858d52e74dee811ded6454c91c40/夜深沉片段.MP3','https://musicstyle.oss-cn-shanghai.aliyuncs.com/files/0000c30623d943a1a48ba69733f0aeb0/',' 京胡，又称胡琴。是中国的传统拉弦乐器。18世纪时末期，随着中国传统戏曲京剧的形成，在拉弦乐器胡琴的基础上改制而成，已有200多年的历史，是中国传统戏曲京剧的主要伴奏乐器。 早期的京胡只有一种规格，经过制琴师与演奏者长期的实践，京胡发展为各种规格，以适应京剧音乐发展的需要。如今，中国的作曲家还为京胡创作了很多独奏、协奏曲，京胡也从为京剧伴奏的角落走到了舞台的中央。','拉弦乐器');
/*!40000 ALTER TABLE `t_instrument` ENABLE KEYS */;
UNLOCK TABLES;

--
-- Table structure for table `t_music`
--

DROP TABLE IF EXISTS `t_music`;
/*!40101 SET @saved_cs_client     = @@character_set_client */;
/*!50503 SET character_set_client = utf8mb4 */;
CREATE TABLE `t_music` (
  `id` int unsigned NOT NULL AUTO_INCREMENT COMMENT '歌曲ID',
  `name` varchar(128) NOT NULL COMMENT '乐曲名',
  `cover` varchar(255) DEFAULT NULL /*!80023 INVISIBLE */ COMMENT '乐曲封面图片',
  `artist` varchar(255) DEFAULT NULL COMMENT '乐曲作者',
  `genre` varchar(255) DEFAULT NULL COMMENT '体裁，风格',
  `description` varchar(1024) DEFAULT NULL COMMENT '对该乐曲的简洁信息',
  `file_url` varchar(255) DEFAULT NULL COMMENT '乐曲文件存储URL',
  `created_at` datetime DEFAULT CURRENT_TIMESTAMP COMMENT '创建时间',
  `image` varchar(255) DEFAULT NULL COMMENT '封面图片',
  PRIMARY KEY (`id`),
  KEY `name` (`name`)
) ENGINE=InnoDB AUTO_INCREMENT=32 DEFAULT CHARSET=utf8mb4 COLLATE=utf8mb4_0900_ai_ci COMMENT='歌曲表';
/*!40101 SET character_set_client = @saved_cs_client */;

--
-- Dumping data for table `t_music`
--

LOCK TABLES `t_music` WRITE;
/*!40000 ALTER TABLE `t_music` DISABLE KEYS */;
INSERT INTO `t_music` (`id`, `name`, `cover`, `artist`, `genre`, `description`, `file_url`, `created_at`, `image`) VALUES (14,'百鸟朝凤',NULL,'魏子猷','纯音乐，唢呐独奏','《百鸟朝凤》外文名为《Hundreds Of Birds Worshipping The Phoenix》，是由民乐大师魏子猷原创，流行于河南、安徽、山东、河北等的民族乐曲。其前身是豫剧抬花轿中的伴奏曲，因为豫剧流行很广，使百鸟朝凤流行于河南、山东、河北、安徽等地，又名《百鸟音》，这是一首充分展示唢呐艺术魅力的优秀乐曲。','https://musicstyle.oss-cn-shanghai.aliyuncs.com/files/777bcd949c9b412e8731e2b5836ee314/百鸟朝凤片段.MP3','2023-04-01 14:28:18','https://s2.loli.net/2023/04/10/ewD2kGJUxVcipNX.png'),(15,'梅花三弄',NULL,'晋朝桓伊','古曲','《梅花三弄》，又名《梅花引》、《梅花曲》、《玉妃引》，根据《太音补遗》和《蕉庵琴谱》所载，相传原本是晋朝桓伊所作的一首笛曲，后来改编为古琴曲。琴曲的乐谱最早见于公元1425年的《神奇秘谱》。《梅花三弄》全曲共分十段，两大部分，第一部分，前六段，采用循环再现手法，后四段为第二部分，描写梅花静与动两种形象。乐曲通过梅花的洁白芬芳和耐寒等特征，借物抒怀，来歌颂具有高尚节操的人。','https://musicstyle.oss-cn-shanghai.aliyuncs.com/files/d152aa71e5dd4e4d9411917df42c143f/梅花三弄片段.MP3','2023-04-01 14:29:08','https://s2.loli.net/2023/04/10/CWsZX8DfKUh7uAN.png'),(16,'茉莉花',NULL,'何仿(改编)','民调','《茉莉花》由何仿改编自中国民歌《鲜花调》，于1957年首次以单曲形式发行。该曲属于小调类民歌，是单乐段的歌曲。它以五声调式和级进的旋律，表现了委婉流畅、柔和与优美的江南风格，生动刻画了一个文雅贤淑的少女被芬芳美丽的茉莉花所吸引，欲摘不忍，欲弃不舍的爱慕和眷恋之情。全曲婉转精美，感情深厚又含蓄。','https://musicstyle.oss-cn-shanghai.aliyuncs.com/files/283385e4d1494b2eb0c5722d826cb9f9/茉莉花片段.MP3','2023-04-01 14:29:54','https://s2.loli.net/2023/04/10/PUT4wAyERKvWoV9.png'),(17,'牛斗虎片段',NULL,'民调','民调','牛斗虎是一种模拟动物形体、习性的传统民间舞蹈。流传于盂县一带。相传这种舞蹈是根据当地流传的一则民间传说而起源。牛斗虎以牛虎争斗为内容，形象地刻画了老虎的凶猛威武，又颂扬了老牛忠厚倔强。','https://musicstyle.oss-cn-shanghai.aliyuncs.com/files/e8c4abd9027a4f9aa4339ca5ea69ff17/牛斗虎片段.MP3','2023-04-01 14:30:29','https://s2.loli.net/2023/04/10/OCpM15NcAstmul7.png'),(18,'高山流水',NULL,'(先秦)伯牙','纯音乐','《高山流水》，中国古琴曲，属于中国十大古曲之一。相传先秦的琴师伯牙一次于山野间弹琴，樵夫钟子期竟能领会这是描绘“峨峨兮若泰山”和“洋洋兮若江河”。伯牙惊道：“善哉，子之心而与吾心同。”钟子期死后，伯牙痛失知音，摔琴绝弦，终生不弹，故有高山流水之曲。','https://musicstyle.oss-cn-shanghai.aliyuncs.com/files/318cdfb8b79841ada3fea6adb6ab83fd/高山流水片段.MP3','2023-04-01 14:31:04','https://s2.loli.net/2023/04/10/8bnBdThCaHrXPeA.png'),(19,'十面埋伏',NULL,'汤应曾','琵琶独奏','《十面埋伏》，又名《淮阴平楚》，是以楚汉相争的历史为题材而创作的琵琶独奏曲。乐曲整体可分为三部分，由十三段带有小标题的段落构成，分别是：列营、吹打、点将、排阵、走队、埋伏、鸡鸣山小战、九里山大战、项王败阵、乌江自刎、众军奏凯、诸将争功和得胜回营。以公元前202年刘邦与项羽垓下之战的史实为内容，用标题音乐的形式描绘了激烈的战争场面。','https://musicstyle.oss-cn-shanghai.aliyuncs.com/files/79868c4362d04adabdb7f39b78f91a2e/十面埋伏片段.MP3','2023-04-01 14:31:27','https://s2.loli.net/2023/04/10/kc4gYNAHtpwTuab.png'),(20,'终南古韵',NULL,'宁勇','中阮独奏','中阮独奏曲。','https://musicstyle.oss-cn-shanghai.aliyuncs.com/files/65daf30d0753497485a786c4be07c748/钟南古韵片段.MP3','2023-04-01 14:31:59','https://s2.loli.net/2023/04/10/xhsQLjMJ68teGi2.png'),(21,'二泉映月',NULL,'阿炳','二胡独奏','《二泉映月》，是中国民间音乐家华彦钧（阿炳）的代表作。这首乐曲自始至终流露的是一位饱尝人间辛酸和痛苦的盲艺人的思绪情感，作品展示了独特的民间演奏技巧与风格，以及无与伦比的深邃意境，显示了中国二胡艺术的独特魅力，它拓宽了二胡艺术的表现力，曾获“20世纪华人音乐经典作品奖”。','https://musicstyle.oss-cn-shanghai.aliyuncs.com/files/f6e040e23e504e9091a64199b233f889/二泉映月片段.MP3','2023-04-01 14:32:29','https://s2.loli.net/2023/04/10/SLgdMNY4XJkRQOP.png'),(22,'夜深沉',NULL,'无','戏曲','《夜深沉》是一个京剧曲牌名。曲调由繁至简，在快板段落作了较多发展，其中有大鼓的独奏及鼓与京胡的竞奏，使原曲的精华--刚劲且优美的音乐得到充分优美的表现。在京剧《击鼓骂曹》和《霸王别姬》中，用 它来配合祢衡击鼓和虞姬舞剑等的场面。','https://musicstyle.oss-cn-shanghai.aliyuncs.com/files/c60a858d52e74dee811ded6454c91c40/夜深沉片段.MP3','2023-04-01 14:32:52','https://s2.loli.net/2023/04/10/ifh4dBIR5O2jlYH.png'),(23,'春江花月夜','https://musicstyle.oss-cn-shanghai.aliyuncs.com/files/39d14107f3f14a7f9356f77ed04eb114/image.jpg','黄自','古琴曲','春江花月夜','https://musicstyle.oss-cn-shanghai.aliyuncs.com/files/c8b1e16d2cef43a1b3899a57a462f618/春江花月夜.mp3','2023-04-27 11:21:57','https://musicstyle.oss-cn-shanghai.aliyuncs.com/files/39d14107f3f14a7f9356f77ed04eb114/image.jpg'),(24,'春江花月夜','https://musicstyle.oss-cn-shanghai.aliyuncs.com/files/c112a0297bbd4ac6bdb4515dbef61306/image.jpg','黄自','古琴曲','春江花月夜','https://musicstyle.oss-cn-shanghai.aliyuncs.com/files/8cbc9af43cd0407e8731c9012b7627c2/春江花月夜.mp3','2023-04-27 11:23:14','https://musicstyle.oss-cn-shanghai.aliyuncs.com/files/c112a0297bbd4ac6bdb4515dbef61306/image.jpg'),(25,'二泉映月','https://musicstyle.oss-cn-shanghai.aliyuncs.com/files/55a3e1a7ffb44a9f963d9cb16647fb0a/image.jpg','阿炳','二胡独奏','《二泉映月》，是中国民间音乐家华彦钧（阿炳）的代表作。这首乐曲自始至终流露的是一位饱尝人间辛酸和痛苦的盲艺人的思绪情感，作品展示了独特的民间演奏技巧与风格，以及无与伦比的深邃意境，显示了中国二胡艺术的独特魅力，它拓宽了二胡艺术的表现力，曾获“20世纪华人音乐经典作品奖”。','https://musicstyle.oss-cn-shanghai.aliyuncs.com/files/7fa700f704d94bf195eb4611ee0cb371/二泉映月.mp3','2023-04-27 11:25:59','https://musicstyle.oss-cn-shanghai.aliyuncs.com/files/55a3e1a7ffb44a9f963d9cb16647fb0a/image.jpg'),(26,'火把节之夜','https://musicstyle.oss-cn-shanghai.aliyuncs.com/files/83a1c9ad78214014b5a975f702a491df/image.jpg','邓立群','民歌','火把节之夜','https://musicstyle.oss-cn-shanghai.aliyuncs.com/files/3b68ae4241b34776861dbf8056ddd73d/火把节之夜.mp3','2023-04-27 11:28:30','https://musicstyle.oss-cn-shanghai.aliyuncs.com/files/83a1c9ad78214014b5a975f702a491df/image.jpg'),(27,'江河水','https://musicstyle.oss-cn-shanghai.aliyuncs.com/files/e2f076021762482ebda7eaf5f6331f09/image.jpg','黄海怀','民歌','江河水','https://musicstyle.oss-cn-shanghai.aliyuncs.com/files/485d8028d77340d7b24480f5b7bfa57c/江河水.mp3','2023-04-27 11:32:27','https://musicstyle.oss-cn-shanghai.aliyuncs.com/files/e2f076021762482ebda7eaf5f6331f09/image.jpg'),(28,'梁祝','https://musicstyle.oss-cn-shanghai.aliyuncs.com/files/c96ed0a993a0431ca8b7b583dda8d28b/image.jpg','何占豪、陈钢','民歌','梁祝','https://musicstyle.oss-cn-shanghai.aliyuncs.com/files/16953e9f14d542a98b116379b2469a7d/梁祝.mp3','2023-04-27 11:34:28','https://musicstyle.oss-cn-shanghai.aliyuncs.com/files/c96ed0a993a0431ca8b7b583dda8d28b/image.jpg'),(29,'梅花三弄','https://musicstyle.oss-cn-shanghai.aliyuncs.com/files/41d0def4e05047a5bfe684d71d849aac/image.jpg','晋朝桓伊','古曲','《梅花三弄》，又名《梅花引》、《梅花曲》、《玉妃引》，根据《太音补遗》和《蕉庵琴谱》所载，相传原本是晋朝桓伊所作的一首笛曲，后来改编为古琴曲。琴曲的乐谱最早见于公元1425年的《神奇秘谱》。《梅花三弄》全曲共分十段，两大部分，第一部分，前六段，采用循环再现手法，后四段为第二部分，描写梅花静与动两种形象。乐曲通过梅花的洁白芬芳和耐寒等特征，借物抒怀，来歌颂具有高尚节操的人。','https://musicstyle.oss-cn-shanghai.aliyuncs.com/files/1f5ac4b99a5545f58395fe68bfc1a2b3/梅花三弄.mp3','2023-04-27 11:35:49','https://musicstyle.oss-cn-shanghai.aliyuncs.com/files/41d0def4e05047a5bfe684d71d849aac/image.jpg'),(30,'赛马','https://musicstyle.oss-cn-shanghai.aliyuncs.com/files/39b4569a8efe4147a70169e6b73b0a3f/image.jpg','黄海怀','二胡独奏','赛马','https://musicstyle.oss-cn-shanghai.aliyuncs.com/files/2a48bf95adc24d3d8d27026100a460ae/赛马.mp3','2023-04-27 11:37:09','https://musicstyle.oss-cn-shanghai.aliyuncs.com/files/39b4569a8efe4147a70169e6b73b0a3f/image.jpg'),(31,'妆台秋思','https://musicstyle.oss-cn-shanghai.aliyuncs.com/files/09da01aeea23498ba948ce94f76a632f/image.jpg','清代李芳园','古曲','妆台秋思','https://musicstyle.oss-cn-shanghai.aliyuncs.com/files/26f0918cd0ba432abcc39e669f6181d2/妆台秋思.mp3','2023-04-27 11:38:21','https://musicstyle.oss-cn-shanghai.aliyuncs.com/files/09da01aeea23498ba948ce94f76a632f/image.jpg');
/*!40000 ALTER TABLE `t_music` ENABLE KEYS */;
UNLOCK TABLES;

--
-- Table structure for table `t_music_instrument`
--

DROP TABLE IF EXISTS `t_music_instrument`;
/*!40101 SET @saved_cs_client     = @@character_set_client */;
/*!50503 SET character_set_client = utf8mb4 */;
CREATE TABLE `t_music_instrument` (
  `music_id` int unsigned DEFAULT NULL COMMENT '歌曲ID',
  `instrument_id` int unsigned DEFAULT NULL COMMENT '乐器ID',
  `weight` float DEFAULT NULL COMMENT '该乐器在该乐曲演凑中的权重',
  KEY `music_id` (`music_id`),
  KEY `instrument_id` (`instrument_id`),
  CONSTRAINT `t_music_instrument_ibfk_1` FOREIGN KEY (`music_id`) REFERENCES `t_music` (`id`),
  CONSTRAINT `t_music_instrument_ibfk_2` FOREIGN KEY (`instrument_id`) REFERENCES `t_instrument` (`id`)
) ENGINE=InnoDB DEFAULT CHARSET=utf8mb4 COLLATE=utf8mb4_0900_ai_ci COMMENT='乐曲的演奏乐器';
/*!40101 SET character_set_client = @saved_cs_client */;

--
-- Dumping data for table `t_music_instrument`
--

LOCK TABLES `t_music_instrument` WRITE;
/*!40000 ALTER TABLE `t_music_instrument` DISABLE KEYS */;
INSERT INTO `t_music_instrument` VALUES (14,9,1),(15,10,1),(16,11,1),(17,12,1),(18,13,1),(19,14,1),(20,15,1),(21,16,1),(22,17,0.6),(22,12,0.4),(24,14,1),(25,16,1),(26,15,1),(27,16,1),(28,8,1),(29,10,1),(30,16,1),(31,8,1);
/*!40000 ALTER TABLE `t_music_instrument` ENABLE KEYS */;
UNLOCK TABLES;

--
-- Table structure for table `t_transed_music`
--

DROP TABLE IF EXISTS `t_transed_music`;
/*!40101 SET @saved_cs_client     = @@character_set_client */;
/*!50503 SET character_set_client = utf8mb4 */;
CREATE TABLE `t_transed_music` (
  `id` int unsigned NOT NULL AUTO_INCREMENT COMMENT '转换后的乐曲ID',
  `origin_id` int unsigned NOT NULL COMMENT '原乐曲的ID',
  `instrument_id` int unsigned DEFAULT NULL COMMENT '转换所用的乐器的ID',
  `transed_url` varchar(255) DEFAULT NULL COMMENT '转换后的乐曲文件存储URL',
  `created` datetime DEFAULT CURRENT_TIMESTAMP COMMENT '转换时间',
  PRIMARY KEY (`id`)
) ENGINE=InnoDB AUTO_INCREMENT=181 DEFAULT CHARSET=utf8mb4 COLLATE=utf8mb4_0900_ai_ci COMMENT='转换后的乐曲';
/*!40101 SET character_set_client = @saved_cs_client */;

--
-- Dumping data for table `t_transed_music`
--

LOCK TABLES `t_transed_music` WRITE;
/*!40000 ALTER TABLE `t_transed_music` DISABLE KEYS */;
INSERT INTO `t_transed_music` VALUES (1,24,8,'https://musicstyle.oss-cn-shanghai.aliyuncs.com/files/777bcd949c9b412e8731e2b5836ee314/百鸟朝凤片段.MP3','2023-04-17 17:51:29'),(2,25,8,'https://musicstyle.oss-cn-shanghai.aliyuncs.com/files/777bcd949c9b412e8731e2b5836ee314/百鸟朝凤片段.MP3','2023-04-17 17:52:04'),(3,26,10,'https://musicstyle.oss-cn-shanghai.aliyuncs.com/files/777bcd949c9b412e8731e2b5836ee314/百鸟朝凤片段.MP3','2023-04-17 18:20:12'),(4,27,10,'https://musicstyle.oss-cn-shanghai.aliyuncs.com/files/777bcd949c9b412e8731e2b5836ee314/百鸟朝凤片段.MP3','2023-04-17 23:28:58'),(5,28,10,'https://musicstyle.oss-cn-shanghai.aliyuncs.com/files/777bcd949c9b412e8731e2b5836ee314/百鸟朝凤片段.MP3','2023-04-17 23:47:13'),(6,14,10,'https://musicstyle.oss-cn-shanghai.aliyuncs.com/files/777bcd949c9b412e8731e2b5836ee314/百鸟朝凤片段.MP3','2023-04-18 00:00:52'),(7,14,10,'https://musicstyle.oss-cn-shanghai.aliyuncs.com/files/777bcd949c9b412e8731e2b5836ee314/百鸟朝凤片段.MP3','2023-04-18 00:02:45'),(8,14,10,'https://musicstyle.oss-cn-shanghai.aliyuncs.com/files/777bcd949c9b412e8731e2b5836ee314/百鸟朝凤片段.MP3','2023-04-18 00:02:50'),(9,14,10,'https://musicstyle.oss-cn-shanghai.aliyuncs.com/files/777bcd949c9b412e8731e2b5836ee314/百鸟朝凤片段.MP3','2023-04-18 00:02:50'),(10,14,10,'https://musicstyle.oss-cn-shanghai.aliyuncs.com/files/777bcd949c9b412e8731e2b5836ee314/百鸟朝凤片段.MP3','2023-04-18 00:03:15'),(11,14,10,'https://musicstyle.oss-cn-shanghai.aliyuncs.com/files/777bcd949c9b412e8731e2b5836ee314/百鸟朝凤片段.MP3','2023-04-18 00:03:35'),(12,14,10,'https://musicstyle.oss-cn-shanghai.aliyuncs.com/files/777bcd949c9b412e8731e2b5836ee314/百鸟朝凤片段.MP3','2023-04-18 00:11:00'),(13,14,1,'https://musicstyle.oss-cn-shanghai.aliyuncs.com/files/777bcd949c9b412e8731e2b5836ee314/百鸟朝凤片段.MP3','2023-04-18 00:18:01'),(14,14,1,'https://musicstyle.oss-cn-shanghai.aliyuncs.com/files/777bcd949c9b412e8731e2b5836ee314/百鸟朝凤片段.MP3','2023-04-18 00:19:32'),(15,14,1,'https://musicstyle.oss-cn-shanghai.aliyuncs.com/files/777bcd949c9b412e8731e2b5836ee314/百鸟朝凤片段.MP3','2023-04-18 00:19:48'),(16,14,1,'https://musicstyle.oss-cn-shanghai.aliyuncs.com/files/777bcd949c9b412e8731e2b5836ee314/百鸟朝凤片段.MP3','2023-04-18 00:30:12'),(17,14,1,'https://musicstyle.oss-cn-shanghai.aliyuncs.com/files/777bcd949c9b412e8731e2b5836ee314/百鸟朝凤片段.MP3','2023-04-18 00:31:22'),(18,14,1,'https://musicstyle.oss-cn-shanghai.aliyuncs.com/files/777bcd949c9b412e8731e2b5836ee314/百鸟朝凤片段.MP3','2023-04-18 00:35:14'),(19,14,1,'https://musicstyle.oss-cn-shanghai.aliyuncs.com/files/777bcd949c9b412e8731e2b5836ee314/百鸟朝凤片段.MP3','2023-04-18 00:35:59'),(20,14,10,'https://musicstyle.oss-cn-shanghai.aliyuncs.com/files/777bcd949c9b412e8731e2b5836ee314/百鸟朝凤片段.MP3','2023-04-18 00:37:17'),(21,14,10,'https://musicstyle.oss-cn-shanghai.aliyuncs.com/files/777bcd949c9b412e8731e2b5836ee314/百鸟朝凤片段.MP3','2023-04-18 00:37:38'),(22,14,1,'https://musicstyle.oss-cn-shanghai.aliyuncs.com/files/777bcd949c9b412e8731e2b5836ee314/百鸟朝凤片段.MP3','2023-04-18 00:37:56'),(23,14,10,'https://musicstyle.oss-cn-shanghai.aliyuncs.com/files/777bcd949c9b412e8731e2b5836ee314/百鸟朝凤片段.MP3','2023-04-18 00:38:29'),(24,14,1,'https://musicstyle.oss-cn-shanghai.aliyuncs.com/files/777bcd949c9b412e8731e2b5836ee314/百鸟朝凤片段.MP3','2023-04-18 00:38:37'),(25,14,1,'https://musicstyle.oss-cn-shanghai.aliyuncs.com/files/777bcd949c9b412e8731e2b5836ee314/百鸟朝凤片段.MP3','2023-04-18 00:39:08'),(26,14,1,'https://musicstyle.oss-cn-shanghai.aliyuncs.com/files/777bcd949c9b412e8731e2b5836ee314/百鸟朝凤片段.MP3','2023-04-18 00:39:15'),(27,14,10,'https://musicstyle.oss-cn-shanghai.aliyuncs.com/files/777bcd949c9b412e8731e2b5836ee314/百鸟朝凤片段.MP3','2023-04-21 08:58:18'),(28,14,10,'https://musicstyle.oss-cn-shanghai.aliyuncs.com/files/777bcd949c9b412e8731e2b5836ee314/百鸟朝凤片段.MP3','2023-04-24 15:00:11'),(29,14,10,'https://musicstyle.oss-cn-shanghai.aliyuncs.com/files/777bcd949c9b412e8731e2b5836ee314/百鸟朝凤片段.MP3','2023-04-24 15:02:26'),(30,14,10,'https://musicstyle.oss-cn-shanghai.aliyuncs.com/files/777bcd949c9b412e8731e2b5836ee314/百鸟朝凤片段.MP3','2023-05-23 22:07:35'),(31,14,10,'https://musicstyle.oss-cn-shanghai.aliyuncs.com/files/777bcd949c9b412e8731e2b5836ee314/百鸟朝凤片段.MP3','2023-05-26 09:12:28'),(32,14,10,'https://musicstyle.oss-cn-shanghai.aliyuncs.com/files/777bcd949c9b412e8731e2b5836ee314/百鸟朝凤片段.MP3','2023-05-27 14:16:52'),(33,14,10,'https://musicstyle.oss-cn-shanghai.aliyuncs.com/files/777bcd949c9b412e8731e2b5836ee314/百鸟朝凤片段.MP3','2023-05-27 14:26:45'),(34,14,10,'https://musicstyle.oss-cn-shanghai.aliyuncs.com/files/777bcd949c9b412e8731e2b5836ee314/百鸟朝凤片段.MP3','2023-05-27 14:26:56'),(35,24,8,'https://musicstyle.oss-cn-shanghai.aliyuncs.com/files/777bcd949c9b412e8731e2b5836ee314/百鸟朝凤片段.MP3','2023-05-27 14:44:28'),(36,24,8,'https://musicstyle.oss-cn-shanghai.aliyuncs.com/files/777bcd949c9b412e8731e2b5836ee314/百鸟朝凤片段.MP3','2023-05-27 14:44:48'),(37,14,10,'https://musicstyle.oss-cn-shanghai.aliyuncs.com/files/777bcd949c9b412e8731e2b5836ee314/百鸟朝凤片段.MP3','2023-05-27 15:34:44'),(38,14,10,'https://musicstyle.oss-cn-shanghai.aliyuncs.com/files/777bcd949c9b412e8731e2b5836ee314/百鸟朝凤片段.MP3','2023-05-27 15:34:44'),(39,14,10,'https://musicstyle.oss-cn-shanghai.aliyuncs.com/files/777bcd949c9b412e8731e2b5836ee314/百鸟朝凤片段.MP3','2023-05-27 15:56:40'),(40,14,10,'https://musicstyle.oss-cn-shanghai.aliyuncs.com/files/777bcd949c9b412e8731e2b5836ee314/百鸟朝凤片段.MP3','2023-05-27 15:56:40'),(41,26,8,'https://musicstyle.oss-cn-shanghai.aliyuncs.com/files/777bcd949c9b412e8731e2b5836ee314/百鸟朝凤片段.MP3','2023-05-27 16:33:29'),(42,26,10,'https://musicstyle.oss-cn-shanghai.aliyuncs.com/files/777bcd949c9b412e8731e2b5836ee314/百鸟朝凤片段.MP3','2023-05-27 16:33:41'),(43,29,8,'https://musicstyle.oss-cn-shanghai.aliyuncs.com/files/777bcd949c9b412e8731e2b5836ee314/百鸟朝凤片段.MP3','2023-05-27 16:36:34'),(44,29,18,'https://musicstyle.oss-cn-shanghai.aliyuncs.com/files/45d30e14f05547058c56b5a64ffd7464/violin.wav','2023-05-27 16:36:34'),(45,29,19,'https://musicstyle.oss-cn-shanghai.aliyuncs.com/files/7ef992fbe45d4087a62fe95c36668eb5/flute.wav','2023-05-27 16:36:34'),(46,29,20,'https://musicstyle.oss-cn-shanghai.aliyuncs.com/files/4db4a3d1a4e144428f41deed4ecbad19/trumpet.wav','2023-05-27 16:36:34'),(47,29,21,'https://musicstyle.oss-cn-shanghai.aliyuncs.com/files/bbdb93daa89a45029d8b48db658dac71/Saxophone.wav','2023-05-27 16:36:34'),(48,14,10,'https://musicstyle.oss-cn-shanghai.aliyuncs.com/files/777bcd949c9b412e8731e2b5836ee314/百鸟朝凤片段.MP3','2023-05-29 16:45:12'),(49,14,10,'https://musicstyle.oss-cn-shanghai.aliyuncs.com/files/777bcd949c9b412e8731e2b5836ee314/百鸟朝凤片段.MP3','2023-05-29 16:45:12'),(50,14,10,'https://musicstyle.oss-cn-shanghai.aliyuncs.com/files/777bcd949c9b412e8731e2b5836ee314/百鸟朝凤片段.MP3','2023-05-29 16:45:23'),(51,14,10,'https://musicstyle.oss-cn-shanghai.aliyuncs.com/files/777bcd949c9b412e8731e2b5836ee314/百鸟朝凤片段.MP3','2023-05-29 16:45:23'),(52,14,10,'https://musicstyle.oss-cn-shanghai.aliyuncs.com/files/777bcd949c9b412e8731e2b5836ee314/百鸟朝凤片段.MP3','2023-05-29 16:45:28'),(53,14,10,'https://musicstyle.oss-cn-shanghai.aliyuncs.com/files/777bcd949c9b412e8731e2b5836ee314/百鸟朝凤片段.MP3','2023-05-29 16:45:28'),(54,14,10,'https://musicstyle.oss-cn-shanghai.aliyuncs.com/files/777bcd949c9b412e8731e2b5836ee314/百鸟朝凤片段.MP3','2023-05-29 16:45:31'),(55,14,10,'https://musicstyle.oss-cn-shanghai.aliyuncs.com/files/777bcd949c9b412e8731e2b5836ee314/百鸟朝凤片段.MP3','2023-05-29 16:45:31'),(56,14,10,'https://musicstyle.oss-cn-shanghai.aliyuncs.com/files/777bcd949c9b412e8731e2b5836ee314/百鸟朝凤片段.MP3','2023-05-29 16:48:38'),(57,14,10,'https://musicstyle.oss-cn-shanghai.aliyuncs.com/files/777bcd949c9b412e8731e2b5836ee314/百鸟朝凤片段.MP3','2023-05-29 16:48:38'),(58,14,10,'https://musicstyle.oss-cn-shanghai.aliyuncs.com/files/777bcd949c9b412e8731e2b5836ee314/百鸟朝凤片段.MP3','2023-05-29 16:48:59'),(59,14,10,'https://musicstyle.oss-cn-shanghai.aliyuncs.com/files/777bcd949c9b412e8731e2b5836ee314/百鸟朝凤片段.MP3','2023-05-29 16:48:59'),(60,14,10,'https://musicstyle.oss-cn-shanghai.aliyuncs.com/files/777bcd949c9b412e8731e2b5836ee314/百鸟朝凤片段.MP3','2023-05-29 16:49:43'),(61,14,10,'https://musicstyle.oss-cn-shanghai.aliyuncs.com/files/777bcd949c9b412e8731e2b5836ee314/百鸟朝凤片段.MP3','2023-05-29 16:49:43'),(62,14,10,'https://musicstyle.oss-cn-shanghai.aliyuncs.com/files/777bcd949c9b412e8731e2b5836ee314/百鸟朝凤片段.MP3','2023-05-29 16:49:48'),(63,14,10,'https://musicstyle.oss-cn-shanghai.aliyuncs.com/files/777bcd949c9b412e8731e2b5836ee314/百鸟朝凤片段.MP3','2023-05-29 16:49:48'),(64,14,10,'https://musicstyle.oss-cn-shanghai.aliyuncs.com/files/777bcd949c9b412e8731e2b5836ee314/百鸟朝凤片段.MP3','2023-05-29 16:51:26'),(65,14,10,'https://musicstyle.oss-cn-shanghai.aliyuncs.com/files/777bcd949c9b412e8731e2b5836ee314/百鸟朝凤片段.MP3','2023-05-29 16:51:26'),(66,14,10,'https://musicstyle.oss-cn-shanghai.aliyuncs.com/files/777bcd949c9b412e8731e2b5836ee314/百鸟朝凤片段.MP3','2023-05-29 16:51:35'),(67,14,10,'https://musicstyle.oss-cn-shanghai.aliyuncs.com/files/777bcd949c9b412e8731e2b5836ee314/百鸟朝凤片段.MP3','2023-05-29 16:51:35'),(68,14,10,'https://musicstyle.oss-cn-shanghai.aliyuncs.com/files/777bcd949c9b412e8731e2b5836ee314/百鸟朝凤片段.MP3','2023-05-29 16:59:30'),(69,14,10,'https://musicstyle.oss-cn-shanghai.aliyuncs.com/files/777bcd949c9b412e8731e2b5836ee314/百鸟朝凤片段.MP3','2023-05-29 16:59:30'),(70,14,10,'https://musicstyle.oss-cn-shanghai.aliyuncs.com/files/777bcd949c9b412e8731e2b5836ee314/百鸟朝凤片段.MP3','2023-05-29 16:59:42'),(71,14,10,'https://musicstyle.oss-cn-shanghai.aliyuncs.com/files/777bcd949c9b412e8731e2b5836ee314/百鸟朝凤片段.MP3','2023-05-29 16:59:42'),(72,14,10,'https://musicstyle.oss-cn-shanghai.aliyuncs.com/files/777bcd949c9b412e8731e2b5836ee314/百鸟朝凤片段.MP3','2023-05-29 17:01:11'),(73,14,10,'https://musicstyle.oss-cn-shanghai.aliyuncs.com/files/777bcd949c9b412e8731e2b5836ee314/百鸟朝凤片段.MP3','2023-05-29 17:01:11'),(74,24,1,'https://musicstyle.oss-cn-shanghai.aliyuncs.com/files/777bcd949c9b412e8731e2b5836ee314/百鸟朝凤片段.MP3','2023-05-29 17:09:19'),(75,14,10,'https://musicstyle.oss-cn-shanghai.aliyuncs.com/files/777bcd949c9b412e8731e2b5836ee314/百鸟朝凤片段.MP3','2023-05-29 17:09:25'),(76,14,10,'https://musicstyle.oss-cn-shanghai.aliyuncs.com/files/777bcd949c9b412e8731e2b5836ee314/百鸟朝凤片段.MP3','2023-05-29 17:09:25'),(77,14,10,'https://musicstyle.oss-cn-shanghai.aliyuncs.com/files/777bcd949c9b412e8731e2b5836ee314/百鸟朝凤片段.MP3','2023-05-29 17:29:51'),(78,14,10,'https://musicstyle.oss-cn-shanghai.aliyuncs.com/files/777bcd949c9b412e8731e2b5836ee314/百鸟朝凤片段.MP3','2023-05-29 17:29:51'),(79,29,18,'https://musicstyle.oss-cn-shanghai.aliyuncs.com/files/45d30e14f05547058c56b5a64ffd7464/violin.wav','2023-05-29 09:36:23'),(80,29,19,'https://musicstyle.oss-cn-shanghai.aliyuncs.com/files/7ef992fbe45d4087a62fe95c36668eb5/flute.wav','2023-05-29 09:36:23'),(81,29,20,'https://musicstyle.oss-cn-shanghai.aliyuncs.com/files/4db4a3d1a4e144428f41deed4ecbad19/trumpet.wav','2023-05-29 09:36:23'),(82,29,21,'vhttps://musicstyle.oss-cn-shanghai.aliyuncs.com/files/bbdb93daa89a45029d8b48db658dac71/Saxophone.wav','2023-05-29 09:38:24'),(83,24,19,'https://musicstyle.oss-cn-shanghai.aliyuncs.com/files/777bcd949c9b412e8731e2b5836ee314/百鸟朝凤片段.MP3','2023-05-29 17:46:19'),(84,29,19,'https://musicstyle.oss-cn-shanghai.aliyuncs.com/files/777bcd949c9b412e8731e2b5836ee314/百鸟朝凤片段.MP3','2023-05-29 17:49:50'),(85,29,18,'https://musicstyle.oss-cn-shanghai.aliyuncs.com/files/777bcd949c9b412e8731e2b5836ee314/百鸟朝凤片段.MP3','2023-05-29 17:51:00'),(86,29,18,'https://musicstyle.oss-cn-shanghai.aliyuncs.com/files/777bcd949c9b412e8731e2b5836ee314/百鸟朝凤片段.MP3','2023-05-29 17:51:32'),(87,29,18,'https://musicstyle.oss-cn-shanghai.aliyuncs.com/files/777bcd949c9b412e8731e2b5836ee314/百鸟朝凤片段.MP3','2023-05-29 17:52:44'),(88,29,19,'https://musicstyle.oss-cn-shanghai.aliyuncs.com/files/777bcd949c9b412e8731e2b5836ee314/百鸟朝凤片段.MP3','2023-05-29 17:53:06'),(89,29,18,'https://musicstyle.oss-cn-shanghai.aliyuncs.com/files/777bcd949c9b412e8731e2b5836ee314/百鸟朝凤片段.MP3','2023-05-29 18:10:38'),(90,29,18,'https://musicstyle.oss-cn-shanghai.aliyuncs.com/files/777bcd949c9b412e8731e2b5836ee314/百鸟朝凤片段.MP3','2023-05-29 18:11:35'),(91,29,18,'https://musicstyle.oss-cn-shanghai.aliyuncs.com/files/777bcd949c9b412e8731e2b5836ee314/百鸟朝凤片段.MP3','2023-05-29 18:14:01'),(92,29,18,'https://musicstyle.oss-cn-shanghai.aliyuncs.com/files/777bcd949c9b412e8731e2b5836ee314/百鸟朝凤片段.MP3','2023-05-29 18:19:22'),(93,29,19,'https://musicstyle.oss-cn-shanghai.aliyuncs.com/files/777bcd949c9b412e8731e2b5836ee314/百鸟朝凤片段.MP3','2023-05-29 18:19:25'),(94,29,20,'https://musicstyle.oss-cn-shanghai.aliyuncs.com/files/777bcd949c9b412e8731e2b5836ee314/百鸟朝凤片段.MP3','2023-05-29 18:19:26'),(95,29,21,'https://musicstyle.oss-cn-shanghai.aliyuncs.com/files/777bcd949c9b412e8731e2b5836ee314/百鸟朝凤片段.MP3','2023-05-29 18:19:27'),(96,29,20,'https://musicstyle.oss-cn-shanghai.aliyuncs.com/files/777bcd949c9b412e8731e2b5836ee314/百鸟朝凤片段.MP3','2023-05-29 18:19:30'),(97,29,19,'https://musicstyle.oss-cn-shanghai.aliyuncs.com/files/777bcd949c9b412e8731e2b5836ee314/百鸟朝凤片段.MP3','2023-05-29 18:19:31'),(98,29,18,'https://musicstyle.oss-cn-shanghai.aliyuncs.com/files/777bcd949c9b412e8731e2b5836ee314/百鸟朝凤片段.MP3','2023-05-29 18:19:32'),(99,29,18,'https://musicstyle.oss-cn-shanghai.aliyuncs.com/files/777bcd949c9b412e8731e2b5836ee314/百鸟朝凤片段.MP3','2023-05-29 18:25:54'),(100,29,18,'https://musicstyle.oss-cn-shanghai.aliyuncs.com/files/777bcd949c9b412e8731e2b5836ee314/百鸟朝凤片段.MP3','2023-05-29 18:26:40'),(101,29,18,'https://musicstyle.oss-cn-shanghai.aliyuncs.com/files/45d30e14f05547058c56b5a64ffd7464/violin.wav','2023-05-29 21:06:21'),(102,14,10,'https://musicstyle.oss-cn-shanghai.aliyuncs.com/files/777bcd949c9b412e8731e2b5836ee314/百鸟朝凤片段.MP3','2023-05-29 21:09:59'),(103,14,10,'https://musicstyle.oss-cn-shanghai.aliyuncs.com/files/777bcd949c9b412e8731e2b5836ee314/百鸟朝凤片段.MP3','2023-05-29 21:09:59'),(104,14,10,'https://musicstyle.oss-cn-shanghai.aliyuncs.com/files/777bcd949c9b412e8731e2b5836ee314/百鸟朝凤片段.MP3','2023-05-29 21:10:22'),(105,14,10,'https://musicstyle.oss-cn-shanghai.aliyuncs.com/files/777bcd949c9b412e8731e2b5836ee314/百鸟朝凤片段.MP3','2023-05-29 21:10:22'),(106,29,18,'https://musicstyle.oss-cn-shanghai.aliyuncs.com/files/45d30e14f05547058c56b5a64ffd7464/violin.wav','2023-05-29 21:10:31'),(107,29,18,'https://musicstyle.oss-cn-shanghai.aliyuncs.com/files/45d30e14f05547058c56b5a64ffd7464/violin.wav','2023-05-29 21:11:11'),(108,29,19,'https://musicstyle.oss-cn-shanghai.aliyuncs.com/files/7ef992fbe45d4087a62fe95c36668eb5/flute.wav','2023-05-29 21:11:35'),(109,29,20,'https://musicstyle.oss-cn-shanghai.aliyuncs.com/files/4db4a3d1a4e144428f41deed4ecbad19/trumpet.wav','2023-05-29 21:11:46'),(110,29,21,'https://musicstyle.oss-cn-shanghai.aliyuncs.com/files/bbdb93daa89a45029d8b48db658dac71/Saxophone.wav','2023-05-29 21:11:53'),(111,29,20,'https://musicstyle.oss-cn-shanghai.aliyuncs.com/files/4db4a3d1a4e144428f41deed4ecbad19/trumpet.wav','2023-05-29 21:12:06'),(112,29,18,'https://musicstyle.oss-cn-shanghai.aliyuncs.com/files/45d30e14f05547058c56b5a64ffd7464/violin.wav','2023-05-29 21:27:10'),(113,29,18,'https://musicstyle.oss-cn-shanghai.aliyuncs.com/files/45d30e14f05547058c56b5a64ffd7464/violin.wav','2023-05-29 21:27:30'),(114,29,18,'https://musicstyle.oss-cn-shanghai.aliyuncs.com/files/45d30e14f05547058c56b5a64ffd7464/violin.wav','2023-05-29 21:30:21'),(115,29,18,'https://musicstyle.oss-cn-shanghai.aliyuncs.com/files/45d30e14f05547058c56b5a64ffd7464/violin.wav','2023-05-29 21:31:45'),(116,29,19,'https://musicstyle.oss-cn-shanghai.aliyuncs.com/files/7ef992fbe45d4087a62fe95c36668eb5/flute.wav','2023-05-29 21:31:51'),(117,29,20,'https://musicstyle.oss-cn-shanghai.aliyuncs.com/files/4db4a3d1a4e144428f41deed4ecbad19/trumpet.wav','2023-05-29 21:32:02'),(118,29,19,'https://musicstyle.oss-cn-shanghai.aliyuncs.com/files/7ef992fbe45d4087a62fe95c36668eb5/flute.wav','2023-05-29 21:32:16'),(119,29,18,'https://musicstyle.oss-cn-shanghai.aliyuncs.com/files/45d30e14f05547058c56b5a64ffd7464/violin.wav','2023-05-29 21:32:18'),(120,29,19,'https://musicstyle.oss-cn-shanghai.aliyuncs.com/files/7ef992fbe45d4087a62fe95c36668eb5/flute.wav','2023-05-29 21:32:36'),(121,29,20,'https://musicstyle.oss-cn-shanghai.aliyuncs.com/files/4db4a3d1a4e144428f41deed4ecbad19/trumpet.wav','2023-05-29 21:32:41'),(122,29,21,'https://musicstyle.oss-cn-shanghai.aliyuncs.com/files/bbdb93daa89a45029d8b48db658dac71/Saxophone.wav','2023-05-29 21:32:54'),(123,14,10,'https://musicstyle.oss-cn-shanghai.aliyuncs.com/files/777bcd949c9b412e8731e2b5836ee314/百鸟朝凤片段.MP3','2023-05-29 21:54:18'),(124,14,10,'https://musicstyle.oss-cn-shanghai.aliyuncs.com/files/777bcd949c9b412e8731e2b5836ee314/百鸟朝凤片段.MP3','2023-05-29 21:54:18'),(125,29,18,'https://musicstyle.oss-cn-shanghai.aliyuncs.com/files/45d30e14f05547058c56b5a64ffd7464/violin.wav','2023-05-29 21:54:22'),(126,14,10,'https://musicstyle.oss-cn-shanghai.aliyuncs.com/files/777bcd949c9b412e8731e2b5836ee314/百鸟朝凤片段.MP3','2023-05-29 21:54:27'),(127,14,10,'https://musicstyle.oss-cn-shanghai.aliyuncs.com/files/777bcd949c9b412e8731e2b5836ee314/百鸟朝凤片段.MP3','2023-05-29 21:54:27'),(128,29,1,'https://musicstyle.oss-cn-shanghai.aliyuncs.com/files/777bcd949c9b412e8731e2b5836ee314/百鸟朝凤片段.MP3','2023-05-29 21:54:28'),(129,14,10,'https://musicstyle.oss-cn-shanghai.aliyuncs.com/files/777bcd949c9b412e8731e2b5836ee314/百鸟朝凤片段.MP3','2023-05-29 21:54:30'),(130,14,10,'https://musicstyle.oss-cn-shanghai.aliyuncs.com/files/777bcd949c9b412e8731e2b5836ee314/百鸟朝凤片段.MP3','2023-05-29 21:54:30'),(131,14,10,'https://musicstyle.oss-cn-shanghai.aliyuncs.com/files/777bcd949c9b412e8731e2b5836ee314/百鸟朝凤片段.MP3','2023-05-29 21:54:33'),(132,14,10,'https://musicstyle.oss-cn-shanghai.aliyuncs.com/files/777bcd949c9b412e8731e2b5836ee314/百鸟朝凤片段.MP3','2023-05-29 21:54:33'),(133,29,1,'https://musicstyle.oss-cn-shanghai.aliyuncs.com/files/777bcd949c9b412e8731e2b5836ee314/百鸟朝凤片段.MP3','2023-05-29 21:54:35'),(134,14,10,'https://musicstyle.oss-cn-shanghai.aliyuncs.com/files/777bcd949c9b412e8731e2b5836ee314/百鸟朝凤片段.MP3','2023-05-29 21:54:36'),(135,14,10,'https://musicstyle.oss-cn-shanghai.aliyuncs.com/files/777bcd949c9b412e8731e2b5836ee314/百鸟朝凤片段.MP3','2023-05-29 21:54:36'),(136,29,18,'https://musicstyle.oss-cn-shanghai.aliyuncs.com/files/45d30e14f05547058c56b5a64ffd7464/violin.wav','2023-05-29 21:54:41'),(137,29,19,'https://musicstyle.oss-cn-shanghai.aliyuncs.com/files/7ef992fbe45d4087a62fe95c36668eb5/flute.wav','2023-05-29 21:55:22'),(138,29,20,'https://musicstyle.oss-cn-shanghai.aliyuncs.com/files/4db4a3d1a4e144428f41deed4ecbad19/trumpet.wav','2023-05-29 21:55:35'),(139,29,20,'https://musicstyle.oss-cn-shanghai.aliyuncs.com/files/4db4a3d1a4e144428f41deed4ecbad19/trumpet.wav','2023-05-29 21:55:45'),(140,14,10,'https://musicstyle.oss-cn-shanghai.aliyuncs.com/files/777bcd949c9b412e8731e2b5836ee314/百鸟朝凤片段.MP3','2023-05-29 21:55:50'),(141,14,10,'https://musicstyle.oss-cn-shanghai.aliyuncs.com/files/777bcd949c9b412e8731e2b5836ee314/百鸟朝凤片段.MP3','2023-05-29 21:55:50'),(142,29,2,'https://musicstyle.oss-cn-shanghai.aliyuncs.com/files/777bcd949c9b412e8731e2b5836ee314/百鸟朝凤片段.MP3','2023-05-29 21:55:52'),(143,29,2,'https://musicstyle.oss-cn-shanghai.aliyuncs.com/files/777bcd949c9b412e8731e2b5836ee314/百鸟朝凤片段.MP3','2023-05-29 21:55:52'),(144,14,10,'https://musicstyle.oss-cn-shanghai.aliyuncs.com/files/777bcd949c9b412e8731e2b5836ee314/百鸟朝凤片段.MP3','2023-05-29 21:55:53'),(145,14,10,'https://musicstyle.oss-cn-shanghai.aliyuncs.com/files/777bcd949c9b412e8731e2b5836ee314/百鸟朝凤片段.MP3','2023-05-29 21:55:53'),(146,29,21,'https://musicstyle.oss-cn-shanghai.aliyuncs.com/files/bbdb93daa89a45029d8b48db658dac71/Saxophone.wav','2023-05-29 21:55:54'),(147,14,10,'https://musicstyle.oss-cn-shanghai.aliyuncs.com/files/777bcd949c9b412e8731e2b5836ee314/百鸟朝凤片段.MP3','2023-05-29 21:55:58'),(148,14,10,'https://musicstyle.oss-cn-shanghai.aliyuncs.com/files/777bcd949c9b412e8731e2b5836ee314/百鸟朝凤片段.MP3','2023-05-29 21:55:58'),(149,29,2,'https://musicstyle.oss-cn-shanghai.aliyuncs.com/files/777bcd949c9b412e8731e2b5836ee314/百鸟朝凤片段.MP3','2023-05-29 21:56:02'),(150,29,2,'https://musicstyle.oss-cn-shanghai.aliyuncs.com/files/777bcd949c9b412e8731e2b5836ee314/百鸟朝凤片段.MP3','2023-05-29 21:56:03'),(151,14,10,'https://musicstyle.oss-cn-shanghai.aliyuncs.com/files/777bcd949c9b412e8731e2b5836ee314/百鸟朝凤片段.MP3','2023-05-29 21:56:04'),(152,14,10,'https://musicstyle.oss-cn-shanghai.aliyuncs.com/files/777bcd949c9b412e8731e2b5836ee314/百鸟朝凤片段.MP3','2023-05-29 21:56:04'),(153,29,19,'https://musicstyle.oss-cn-shanghai.aliyuncs.com/files/7ef992fbe45d4087a62fe95c36668eb5/flute.wav','2023-05-29 21:56:05'),(154,29,18,'https://musicstyle.oss-cn-shanghai.aliyuncs.com/files/45d30e14f05547058c56b5a64ffd7464/violin.wav','2023-05-29 21:58:41'),(155,29,19,'https://musicstyle.oss-cn-shanghai.aliyuncs.com/files/7ef992fbe45d4087a62fe95c36668eb5/flute.wav','2023-05-29 21:58:53'),(156,29,20,'https://musicstyle.oss-cn-shanghai.aliyuncs.com/files/4db4a3d1a4e144428f41deed4ecbad19/trumpet.wav','2023-05-29 21:59:01'),(157,29,18,'https://musicstyle.oss-cn-shanghai.aliyuncs.com/files/45d30e14f05547058c56b5a64ffd7464/violin.wav','2023-05-29 22:00:47'),(158,29,19,'https://musicstyle.oss-cn-shanghai.aliyuncs.com/files/7ef992fbe45d4087a62fe95c36668eb5/flute.wav','2023-05-29 22:00:54'),(159,29,20,'https://musicstyle.oss-cn-shanghai.aliyuncs.com/files/4db4a3d1a4e144428f41deed4ecbad19/trumpet.wav','2023-05-29 22:01:08'),(160,29,21,'https://musicstyle.oss-cn-shanghai.aliyuncs.com/files/bbdb93daa89a45029d8b48db658dac71/Saxophone.wav','2023-05-29 22:01:14'),(161,29,18,'https://musicstyle.oss-cn-shanghai.aliyuncs.com/files/45d30e14f05547058c56b5a64ffd7464/violin.wav','2023-05-29 22:02:53'),(162,29,19,'https://musicstyle.oss-cn-shanghai.aliyuncs.com/files/7ef992fbe45d4087a62fe95c36668eb5/flute.wav','2023-05-29 22:02:58'),(163,29,20,'https://musicstyle.oss-cn-shanghai.aliyuncs.com/files/4db4a3d1a4e144428f41deed4ecbad19/trumpet.wav','2023-05-29 22:03:02'),(164,29,21,'https://musicstyle.oss-cn-shanghai.aliyuncs.com/files/bbdb93daa89a45029d8b48db658dac71/Saxophone.wav','2023-05-29 22:03:07'),(165,29,18,'https://musicstyle.oss-cn-shanghai.aliyuncs.com/files/45d30e14f05547058c56b5a64ffd7464/violin.wav','2023-05-29 22:03:22'),(166,29,18,'https://musicstyle.oss-cn-shanghai.aliyuncs.com/files/45d30e14f05547058c56b5a64ffd7464/violin.wav','2023-05-29 22:04:53'),(167,29,19,'https://musicstyle.oss-cn-shanghai.aliyuncs.com/files/7ef992fbe45d4087a62fe95c36668eb5/flute.wav','2023-05-29 22:05:00'),(168,29,20,'https://musicstyle.oss-cn-shanghai.aliyuncs.com/files/4db4a3d1a4e144428f41deed4ecbad19/trumpet.wav','2023-05-29 22:05:08'),(169,29,21,'https://musicstyle.oss-cn-shanghai.aliyuncs.com/files/bbdb93daa89a45029d8b48db658dac71/Saxophone.wav','2023-05-29 22:05:16'),(170,29,18,'https://musicstyle.oss-cn-shanghai.aliyuncs.com/files/45d30e14f05547058c56b5a64ffd7464/violin.wav','2023-05-29 22:06:50'),(171,29,19,'https://musicstyle.oss-cn-shanghai.aliyuncs.com/files/7ef992fbe45d4087a62fe95c36668eb5/flute.wav','2023-05-29 22:07:05'),(172,29,18,'https://musicstyle.oss-cn-shanghai.aliyuncs.com/files/45d30e14f05547058c56b5a64ffd7464/violin.wav','2023-05-29 22:07:07'),(173,29,19,'https://musicstyle.oss-cn-shanghai.aliyuncs.com/files/7ef992fbe45d4087a62fe95c36668eb5/flute.wav','2023-05-29 22:07:14'),(174,29,20,'https://musicstyle.oss-cn-shanghai.aliyuncs.com/files/4db4a3d1a4e144428f41deed4ecbad19/trumpet.wav','2023-05-29 22:07:24'),(175,29,21,'https://musicstyle.oss-cn-shanghai.aliyuncs.com/files/bbdb93daa89a45029d8b48db658dac71/Saxophone.wav','2023-05-29 22:07:38'),(176,29,18,'https://musicstyle.oss-cn-shanghai.aliyuncs.com/files/45d30e14f05547058c56b5a64ffd7464/violin.wav','2023-05-29 22:35:32'),(177,29,19,'https://musicstyle.oss-cn-shanghai.aliyuncs.com/files/7ef992fbe45d4087a62fe95c36668eb5/flute.wav','2023-05-29 22:35:39'),(178,29,18,'https://musicstyle.oss-cn-shanghai.aliyuncs.com/files/45d30e14f05547058c56b5a64ffd7464/violin.wav','2023-05-29 22:35:52'),(179,29,18,'https://musicstyle.oss-cn-shanghai.aliyuncs.com/files/45d30e14f05547058c56b5a64ffd7464/violin.wav','2023-05-29 22:37:13'),(180,29,19,'https://musicstyle.oss-cn-shanghai.aliyuncs.com/files/7ef992fbe45d4087a62fe95c36668eb5/flute.wav','2023-05-30 08:09:24');
/*!40000 ALTER TABLE `t_transed_music` ENABLE KEYS */;
UNLOCK TABLES;

--
-- Table structure for table `t_user`
--

DROP TABLE IF EXISTS `t_user`;
/*!40101 SET @saved_cs_client     = @@character_set_client */;
/*!50503 SET character_set_client = utf8mb4 */;
CREATE TABLE `t_user` (
  `id` int unsigned NOT NULL AUTO_INCREMENT COMMENT '用户ID',
  `phone` varchar(16) DEFAULT NULL COMMENT '用户手机号',
  `mail` varchar(25) DEFAULT NULL COMMENT '用户邮箱',
  `username` varchar(128) DEFAULT NULL COMMENT '用户名',
  `password` varchar(256) NOT NULL COMMENT '用户密码(已哈希)',
  `avatar` varchar(256) DEFAULT NULL COMMENT '用户头像URL',
  `created` datetime NOT NULL DEFAULT CURRENT_TIMESTAMP COMMENT '创建时间',
  PRIMARY KEY (`id`),
  KEY `phone` (`phone`)
) ENGINE=InnoDB AUTO_INCREMENT=23 DEFAULT CHARSET=utf8mb4 COLLATE=utf8mb4_0900_ai_ci COMMENT='用户信息表';
/*!40101 SET character_set_client = @saved_cs_client */;

--
-- Dumping data for table `t_user`
--

LOCK TABLES `t_user` WRITE;
/*!40000 ALTER TABLE `t_user` DISABLE KEYS */;
INSERT INTO `t_user` VALUES (1,'15294886354','2050747@tongji.edu.cn','赵文','new_pwd_123',NULL,'2023-03-11 11:00:24'),(2,'15294886355',NULL,'赵理','password123',NULL,'2023-03-11 11:03:06'),(3,'15294886356',NULL,'赵理','password123',NULL,'2023-03-11 11:05:39'),(4,'15294886357',NULL,'赵理','password123',NULL,'2023-03-11 11:07:08'),(5,'15294886358',NULL,'赵理','password123',NULL,'2023-03-11 11:10:55'),(6,'15294886359',NULL,'赵理','password123',NULL,'2023-03-11 11:12:45'),(7,'15294886350',NULL,'赵理','password123',NULL,'2023-03-11 11:15:32'),(8,'15294886340',NULL,'赵理','password123',NULL,'2023-03-11 11:19:28'),(11,'15294886341',NULL,'赵雷','password123',NULL,'2023-03-11 12:14:21'),(13,'15294766354',NULL,'赵理','password123',NULL,'2023-03-22 12:51:34'),(14,NULL,'wenzhaoabc@gmail.com','风乎舞雩，咏而归','mypassword','https://musicstyle.oss-cn-shanghai.aliyuncs.com/images/626796cebc4943e88a8575b8cbadc6f0/image.jpeg','2023-04-19 16:47:50'),(18,NULL,'xxxxx@gmail.com','风乎舞雩，咏而归','mypassword','https://musicstyle.oss-cn-shanghai.aliyuncs.com/images/808853494e464d6b9b63d99ea86123da/image.jpeg','2023-04-20 15:16:04'),(19,NULL,'2083978036@qq.com','赵雷','123456','','2023-04-20 15:18:53'),(20,NULL,'xxxxxX@gmail.com','风乎舞雩，咏而归','mypassword','https://musicstyle.oss-cn-shanghai.aliyuncs.com/images/1c9f7979c81c46a186eedfd24cb81e89/image.jpeg','2023-04-20 15:20:55'),(21,NULL,'3174763740@qq.com','默认用户','123456789','','2023-04-20 15:23:57'),(22,NULL,'2039129107@qq.com','zzl','123456','https://musicstyle.oss-cn-shanghai.aliyuncs.com/images/1c9f7979c81c46a186eedfd24cb81e89/image.jpeg','2023-04-21 09:08:03');
/*!40000 ALTER TABLE `t_user` ENABLE KEYS */;
UNLOCK TABLES;

--
-- Table structure for table `t_user_history`
--

DROP TABLE IF EXISTS `t_user_history`;
/*!40101 SET @saved_cs_client     = @@character_set_client */;
/*!50503 SET character_set_client = utf8mb4 */;
CREATE TABLE `t_user_history` (
  `user_id` int unsigned NOT NULL COMMENT '用户ID',
  `transed_id` int unsigned NOT NULL COMMENT '转换后的乐曲的ID',
  `created` datetime DEFAULT CURRENT_TIMESTAMP COMMENT '转换时间'
) ENGINE=InnoDB DEFAULT CHARSET=utf8mb4 COLLATE=utf8mb4_0900_ai_ci COMMENT='用户转换乐曲的历史记录';
/*!40101 SET character_set_client = @saved_cs_client */;

--
-- Dumping data for table `t_user_history`
--

LOCK TABLES `t_user_history` WRITE;
/*!40000 ALTER TABLE `t_user_history` DISABLE KEYS */;
INSERT INTO `t_user_history` VALUES (13,3,'2023-04-17 18:20:12'),(19,27,'2023-04-21 08:58:18'),(20,29,'2023-04-24 15:02:26'),(20,30,'2023-05-23 22:07:35'),(20,31,'2023-05-26 09:12:28'),(20,32,'2023-05-27 14:16:52'),(20,33,'2023-05-27 14:26:45'),(20,34,'2023-05-27 14:26:56'),(20,35,'2023-05-27 14:44:28'),(20,36,'2023-05-27 14:44:48'),(20,38,'2023-05-27 15:34:44'),(20,37,'2023-05-27 15:34:44'),(20,39,'2023-05-27 15:56:40'),(20,40,'2023-05-27 15:56:40'),(20,41,'2023-05-27 16:33:29'),(20,42,'2023-05-27 16:33:41'),(20,43,'2023-05-27 16:36:34'),(20,49,'2023-05-29 16:45:12'),(20,48,'2023-05-29 16:45:12'),(20,50,'2023-05-29 16:45:23'),(20,51,'2023-05-29 16:45:23'),(20,52,'2023-05-29 16:45:28'),(20,53,'2023-05-29 16:45:28'),(20,54,'2023-05-29 16:45:31'),(20,55,'2023-05-29 16:45:31'),(20,56,'2023-05-29 16:48:38'),(20,57,'2023-05-29 16:48:38'),(20,58,'2023-05-29 16:48:59'),(20,59,'2023-05-29 16:48:59'),(20,60,'2023-05-29 16:49:43'),(20,61,'2023-05-29 16:49:43'),(20,62,'2023-05-29 16:49:48'),(20,63,'2023-05-29 16:49:48'),(20,64,'2023-05-29 16:51:26'),(20,65,'2023-05-29 16:51:26'),(20,66,'2023-05-29 16:51:35'),(20,67,'2023-05-29 16:51:35'),(20,68,'2023-05-29 16:59:30'),(20,69,'2023-05-29 16:59:30'),(20,70,'2023-05-29 16:59:42'),(20,71,'2023-05-29 16:59:42'),(20,72,'2023-05-29 17:01:11'),(20,73,'2023-05-29 17:01:11'),(20,74,'2023-05-29 17:09:19'),(20,75,'2023-05-29 17:09:25'),(20,76,'2023-05-29 17:09:25'),(20,77,'2023-05-29 17:29:51'),(20,78,'2023-05-29 17:29:51'),(20,83,'2023-05-29 17:46:19'),(20,84,'2023-05-29 17:49:50'),(20,85,'2023-05-29 17:51:00'),(20,86,'2023-05-29 17:51:32'),(20,87,'2023-05-29 17:52:44'),(20,88,'2023-05-29 17:53:06'),(20,89,'2023-05-29 18:10:38'),(20,90,'2023-05-29 18:11:35'),(20,91,'2023-05-29 18:14:01'),(20,92,'2023-05-29 18:19:22'),(20,93,'2023-05-29 18:19:25'),(20,94,'2023-05-29 18:19:26'),(20,95,'2023-05-29 18:19:27'),(20,96,'2023-05-29 18:19:30'),(20,97,'2023-05-29 18:19:31'),(20,98,'2023-05-29 18:19:32'),(200,99,'2023-05-29 18:25:54'),(20,100,'2023-05-29 18:26:40'),(200,101,'2023-05-29 21:06:21'),(200,102,'2023-05-29 21:09:59'),(200,103,'2023-05-29 21:09:59'),(200,104,'2023-05-29 21:10:22'),(200,105,'2023-05-29 21:10:22'),(200,106,'2023-05-29 21:10:31'),(200,107,'2023-05-29 21:11:11'),(200,108,'2023-05-29 21:11:35'),(200,109,'2023-05-29 21:11:46'),(200,110,'2023-05-29 21:11:53'),(200,111,'2023-05-29 21:12:06'),(200,112,'2023-05-29 21:27:10'),(200,113,'2023-05-29 21:27:30'),(200,114,'2023-05-29 21:30:21'),(200,115,'2023-05-29 21:31:45'),(200,116,'2023-05-29 21:31:51'),(200,117,'2023-05-29 21:32:02'),(200,118,'2023-05-29 21:32:16'),(200,119,'2023-05-29 21:32:18'),(200,120,'2023-05-29 21:32:36'),(200,121,'2023-05-29 21:32:41'),(200,122,'2023-05-29 21:32:54'),(200,123,'2023-05-29 21:54:18'),(200,124,'2023-05-29 21:54:18'),(200,125,'2023-05-29 21:54:22'),(200,126,'2023-05-29 21:54:27'),(200,127,'2023-05-29 21:54:27'),(200,128,'2023-05-29 21:54:28'),(200,129,'2023-05-29 21:54:30'),(200,130,'2023-05-29 21:54:30'),(200,131,'2023-05-29 21:54:33'),(200,132,'2023-05-29 21:54:33'),(200,133,'2023-05-29 21:54:35'),(200,134,'2023-05-29 21:54:36'),(200,135,'2023-05-29 21:54:36'),(200,136,'2023-05-29 21:54:41'),(200,137,'2023-05-29 21:55:22'),(200,138,'2023-05-29 21:55:35'),(200,139,'2023-05-29 21:55:45'),(200,140,'2023-05-29 21:55:50'),(200,141,'2023-05-29 21:55:50'),(200,142,'2023-05-29 21:55:52'),(200,143,'2023-05-29 21:55:52'),(200,144,'2023-05-29 21:55:53'),(200,145,'2023-05-29 21:55:53'),(200,146,'2023-05-29 21:55:54'),(200,147,'2023-05-29 21:55:58'),(200,148,'2023-05-29 21:55:58'),(200,149,'2023-05-29 21:56:02'),(200,150,'2023-05-29 21:56:03'),(200,152,'2023-05-29 21:56:04'),(200,151,'2023-05-29 21:56:04'),(200,153,'2023-05-29 21:56:05'),(200,154,'2023-05-29 21:58:41'),(200,155,'2023-05-29 21:58:53'),(200,156,'2023-05-29 21:59:01'),(200,157,'2023-05-29 22:00:47'),(200,158,'2023-05-29 22:00:54'),(200,159,'2023-05-29 22:01:08'),(200,160,'2023-05-29 22:01:14'),(200,161,'2023-05-29 22:02:53'),(200,162,'2023-05-29 22:02:58'),(200,163,'2023-05-29 22:03:02'),(200,164,'2023-05-29 22:03:07'),(200,165,'2023-05-29 22:03:22'),(200,166,'2023-05-29 22:04:53'),(200,167,'2023-05-29 22:05:00'),(200,168,'2023-05-29 22:05:08'),(200,169,'2023-05-29 22:05:16'),(200,170,'2023-05-29 22:06:50'),(200,171,'2023-05-29 22:07:05'),(200,172,'2023-05-29 22:07:07'),(200,173,'2023-05-29 22:07:14'),(200,174,'2023-05-29 22:07:24'),(200,175,'2023-05-29 22:07:38'),(201,176,'2023-05-29 22:35:32'),(201,177,'2023-05-29 22:35:39'),(200,178,'2023-05-29 22:35:52'),(200,179,'2023-05-29 22:37:13'),(200,180,'2023-05-30 08:09:24');
/*!40000 ALTER TABLE `t_user_history` ENABLE KEYS */;
UNLOCK TABLES;

--
-- Table structure for table `t_user_love`
--

DROP TABLE IF EXISTS `t_user_love`;
/*!40101 SET @saved_cs_client     = @@character_set_client */;
/*!50503 SET character_set_client = utf8mb4 */;
CREATE TABLE `t_user_love` (
  `user_id` int unsigned NOT NULL COMMENT '用户ID',
  `transed_id` int unsigned NOT NULL COMMENT '转换后的乐曲的ID',
  `created` datetime DEFAULT CURRENT_TIMESTAMP COMMENT '收藏时间',
  KEY `user_id` (`user_id`),
  KEY `transed_id` (`transed_id`),
  CONSTRAINT `t_user_love_ibfk_1` FOREIGN KEY (`user_id`) REFERENCES `t_user` (`id`),
  CONSTRAINT `t_user_love_ibfk_2` FOREIGN KEY (`transed_id`) REFERENCES `t_transed_music` (`id`)
) ENGINE=InnoDB DEFAULT CHARSET=utf8mb4 COLLATE=utf8mb4_0900_ai_ci COMMENT='用户收藏';
/*!40101 SET character_set_client = @saved_cs_client */;

--
-- Dumping data for table `t_user_love`
--

LOCK TABLES `t_user_love` WRITE;
/*!40000 ALTER TABLE `t_user_love` DISABLE KEYS */;
INSERT INTO `t_user_love` VALUES (1,20,'2023-04-18 00:37:19'),(1,21,'2023-04-18 00:37:40'),(1,23,'2023-04-18 00:38:31'),(1,25,'2023-04-18 00:39:09'),(1,1,'2023-05-19 20:55:50'),(1,1,'2023-05-19 20:55:50');
/*!40000 ALTER TABLE `t_user_love` ENABLE KEYS */;
UNLOCK TABLES;
/*!40103 SET TIME_ZONE=@OLD_TIME_ZONE */;

/*!40101 SET SQL_MODE=@OLD_SQL_MODE */;
/*!40014 SET FOREIGN_KEY_CHECKS=@OLD_FOREIGN_KEY_CHECKS */;
/*!40014 SET UNIQUE_CHECKS=@OLD_UNIQUE_CHECKS */;
/*!40101 SET CHARACTER_SET_CLIENT=@OLD_CHARACTER_SET_CLIENT */;
/*!40101 SET CHARACTER_SET_RESULTS=@OLD_CHARACTER_SET_RESULTS */;
/*!40101 SET COLLATION_CONNECTION=@OLD_COLLATION_CONNECTION */;
/*!40111 SET SQL_NOTES=@OLD_SQL_NOTES */;

-- Dump completed on 2023-07-28 10:45:33
